batch,status,events_before,auth004_ms,auth004_error,detection_ms
1,PROCESSED,0,25.3,,104
2,PROCESSED,723,27.4,,81
3,PROCESSED,923,44.3,,119
4,PROCESSED,1636,37.8,,200
5,PROCESSED,1836,83.9,,149
6,PROCESSED,2553,58.4,,193
7,PROCESSED,2753,72.1,,163
8,PROCESSED,3463,78.4,,182
9,PROCESSED,3663,102.2,,222
10,PROCESSED,4395,90.6,,286
11,PROCESSED,4595,144.7,,228
12,PROCESSED,5325,147.8,,220
13,PROCESSED,5525,173.7,,237
14,PROCESSED,6246,187.9,,337
15,PROCESSED,6446,182.3,,259
16,PROCESSED,7173,196.7,,283
17,PROCESSED,7373,268.1,,372
18,PROCESSED,8097,334.3,,409
19,PROCESSED,8297,247.8,,396
20,PROCESSED,9022,242.6,,325
21,PROCESSED,9222,301.1,,391
22,PROCESSED,9938,369,,482
23,PROCESSED,10138,275.1,,420
24,PROCESSED,10864,321,,417
25,PROCESSED,11064,315.7,,384
26,PROCESSED,11790,350.6,,429
27,PROCESSED,11990,409.5,,518
28,PROCESSED,12723,369.5,,508
29,PROCESSED,12923,372.8,,495
30,PROCESSED,13644,355.4,,431
31,PROCESSED,13844,552.1,,640
32,PROCESSED,14562,397.8,,471
33,PROCESSED,14762,429.6,,507
34,PROCESSED,15479,498.1,,772
35,PROCESSED,15679,589.9,,663
36,PROCESSED,16392,521.6,,612
37,PROCESSED,16592,482,,551
38,PROCESSED,17311,466.8,,571
39,PROCESSED,17511,521.4,,722
40,PROCESSED,18244,653.9,,795
41,PROCESSED,18444,621.9,,696
42,PROCESSED,19171,611.8,,703
43,PROCESSED,19371,673.9,,890
44,PROCESSED,20085,571.5,,648
45,PROCESSED,20285,569.4,,637
46,PROCESSED,21007,643.7,,718
47,PROCESSED,21207,635.4,,739
48,PROCESSED,21933,583.4,,664
49,PROCESSED,22133,678.5,,779
50,PROCESSED,22852,920.2,,1118
51,PROCESSED,23052,718.4,,793
52,PROCESSED,23783,666.5,,745
53,PROCESSED,23983,675.2,,753
54,PROCESSED,24692,658.6,,734
55,PROCESSED,24892,689.1,,764
56,PROCESSED,25613,818.1,,931
57,PROCESSED,25813,830.6,,971
58,PROCESSED,26527,776.2,,874
59,PROCESSED,26727,1110.7,,1343
60,PROCESSED,27451,929.2,,1041
61,PROCESSED,27651,951.3,,1039
62,PROCESSED,28378,795.4,,882
63,PROCESSED,28578,804.1,,1114
64,PROCESSED,29289,840.5,,919
65,PROCESSED,29489,890.8,,971
66,PROCESSED,30214,866.8,,1018
67,PROCESSED,30414,1028,,1169
68,PROCESSED,31142,837.9,,962
69,PROCESSED,31342,899.4,,1010
70,PROCESSED,32058,939.9,,1054
71,PROCESSED,32258,873,,985
72,PROCESSED,32973,896.8,,1044
73,PROCESSED,33173,1636.2,,1749
74,PROCESSED,33893,2549.2,,2736
75,PROCESSED,34093,1108.3,,1203
76,PROCESSED,34804,1185.7,,1292
77,PROCESSED,35004,1135.1,,1254
78,PROCESSED,35721,1185.3,,1283
79,PROCESSED,35921,1292.7,,1505
80,PROCESSED,36666,1126,,1269
81,PROCESSED,36866,1193.9,,1341
82,PROCESSED,37582,1171,,1272
83,PROCESSED,37782,1237.6,,1355
84,PROCESSED,38499,1344,,1474
85,PROCESSED,38699,1238.6,,1344
86,PROCESSED,39409,1614.2,,1699
87,PROCESSED,39609,1145.2,,1226
88,PROCESSED,40333,1389.8,,1512
89,PROCESSED_WITH_ERRORS,40533,1124.2,too_many_candidates,1368
90,PROCESSED_WITH_ERRORS,41253,754.7,too_many_candidates,902
91,PROCESSED_WITH_ERRORS,41453,855.2,too_many_candidates,1034
92,PROCESSED_WITH_ERRORS,42173,1274.7,too_many_candidates,1447
93,PROCESSED_WITH_ERRORS,42373,2022.5,too_many_candidates,2244
94,PROCESSED_WITH_ERRORS,43091,2045.4,too_many_candidates,2322
95,PROCESSED_WITH_ERRORS,43291,852.1,too_many_candidates,936
96,PROCESSED_WITH_ERRORS,44029,768.8,too_many_candidates,930
97,PROCESSED_WITH_ERRORS,44229,787.5,too_many_candidates,1007
98,PROCESSED_WITH_ERRORS,44939,2057.4,too_many_candidates,2202
99,PROCESSED_WITH_ERRORS,45139,769.7,too_many_candidates,1077
100,PROCESSED_WITH_ERRORS,45864,804.7,too_many_candidates,926
101,PROCESSED_WITH_ERRORS,46064,1097,too_many_candidates,1239
102,PROCESSED_WITH_ERRORS,46800,878.7,too_many_candidates,1047
103,PROCESSED_WITH_ERRORS,47000,812.3,too_many_candidates,942
104,PROCESSED_WITH_ERRORS,47718,809.1,too_many_candidates,972
105,PROCESSED_WITH_ERRORS,47918,790.9,too_many_candidates,932
106,PROCESSED_WITH_ERRORS,48637,1107,too_many_candidates,1283
107,PROCESSED_WITH_ERRORS,48837,1121.1,too_many_candidates,1603
108,PROCESSED_WITH_ERRORS,49568,1082.3,too_many_candidates,1262
109,PROCESSED_WITH_ERRORS,49768,1742.1,too_many_candidates,1971
110,PROCESSED_WITH_ERRORS,50492,1654,too_many_candidates,1897
111,PROCESSED_WITH_ERRORS,50692,1804.2,too_many_candidates,2035
112,PROCESSED_WITH_ERRORS,51403,1576.1,too_many_candidates,1803
113,PROCESSED_WITH_ERRORS,51603,889.4,too_many_candidates,1000
114,PROCESSED_WITH_ERRORS,52321,1466.6,too_many_candidates,1634
115,PROCESSED_WITH_ERRORS,52521,786.6,too_many_candidates,999
116,PROCESSED_WITH_ERRORS,53235,893.8,too_many_candidates,1007
117,PROCESSED_WITH_ERRORS,53435,765.8,too_many_candidates,1015
118,PROCESSED_WITH_ERRORS,54153,787.2,too_many_candidates,906
119,PROCESSED_WITH_ERRORS,54353,778.6,too_many_candidates,1067
120,PROCESSED_WITH_ERRORS,55068,1114.4,too_many_candidates,1252
121,PROCESSED_WITH_ERRORS,55268,783.3,too_many_candidates,911
122,PROCESSED_WITH_ERRORS,55973,749.5,too_many_candidates,1008
123,PROCESSED_WITH_ERRORS,56173,821.1,too_many_candidates,1006
124,PROCESSED_WITH_ERRORS,56889,773.4,too_many_candidates,996
125,PROCESSED_WITH_ERRORS,57089,1015.7,too_many_candidates,1092
126,PROCESSED_WITH_ERRORS,57817,865.2,too_many_candidates,947
127,PROCESSED_WITH_ERRORS,58017,805.6,too_many_candidates,1038
128,PROCESSED_WITH_ERRORS,58734,923.8,too_many_candidates,1165
129,PROCESSED_WITH_ERRORS,58934,869.5,too_many_candidates,951
130,PROCESSED_WITH_ERRORS,59655,932.2,too_many_candidates,1094
131,PROCESSED_WITH_ERRORS,59855,1015.5,too_many_candidates,1127
132,PROCESSED_WITH_ERRORS,60576,774.8,too_many_candidates,931
133,PROCESSED_WITH_ERRORS,60776,804,too_many_candidates,994
134,PROCESSED_WITH_ERRORS,61489,991.9,too_many_candidates,1157
135,PROCESSED_WITH_ERRORS,61689,994.4,too_many_candidates,1175
136,PROCESSED_WITH_ERRORS,62406,1201,too_many_candidates,1342
137,PROCESSED_WITH_ERRORS,62606,1102.9,too_many_candidates,1285
138,PROCESSED_WITH_ERRORS,63317,781.8,too_many_candidates,932
139,PROCESSED_WITH_ERRORS,63517,796.1,too_many_candidates,1874
140,PROCESSED_WITH_ERRORS,64246,906.1,too_many_candidates,1169
141,PROCESSED_WITH_ERRORS,64446,864.4,too_many_candidates,950
142,PROCESSED_WITH_ERRORS,65181,929.9,too_many_candidates,1039
143,PROCESSED_WITH_ERRORS,65381,907.9,too_many_candidates,997
144,PROCESSED_WITH_ERRORS,66090,1347.9,too_many_candidates,1468
145,PROCESSED_WITH_ERRORS,66290,827.4,too_many_candidates,926
146,PROCESSED_WITH_ERRORS,67007,830.3,too_many_candidates,924
147,PROCESSED_WITH_ERRORS,67207,1037.6,too_many_candidates,1188
148,PROCESSED_WITH_ERRORS,67932,796.3,too_many_candidates,988
149,PROCESSED_WITH_ERRORS,68132,1309.1,too_many_candidates,1685
150,PROCESSED_WITH_ERRORS,68851,1456.9,too_many_candidates,1639
151,PROCESSED_WITH_ERRORS,69051,1495.5,too_many_candidates,1609
152,PROCESSED_WITH_ERRORS,69765,1850.8,too_many_candidates,1953
153,PROCESSED_WITH_ERRORS,69965,1078.2,too_many_candidates,1182
154,PROCESSED_WITH_ERRORS,70692,761.8,too_many_candidates,951
155,PROCESSED_WITH_ERRORS,70892,1084.9,too_many_candidates,1512
156,PROCESSED_WITH_ERRORS,71622,1055.1,too_many_candidates,1261
157,PROCESSED_WITH_ERRORS,71822,668.8,too_many_candidates,777
158,PROCESSED_WITH_ERRORS,72542,1436.1,too_many_candidates,1557
159,PROCESSED_WITH_ERRORS,72742,722.7,too_many_candidates,819
160,PROCESSED_WITH_ERRORS,73461,650.1,too_many_candidates,779
161,PROCESSED_WITH_ERRORS,73663,659.9,too_many_candidates,837
162,PROCESSED_WITH_ERRORS,74376,783.2,too_many_candidates,863
163,PROCESSED_WITH_ERRORS,74576,693.4,too_many_candidates,765
164,PROCESSED_WITH_ERRORS,75299,688.9,too_many_candidates,785
165,PROCESSED_WITH_ERRORS,75499,698.6,too_many_candidates,860
166,PROCESSED_WITH_ERRORS,76218,619.7,too_many_candidates,746
167,PROCESSED_WITH_ERRORS,76418,635.2,too_many_candidates,714
168,PROCESSED_WITH_ERRORS,77129,652.8,too_many_candidates,776
169,PROCESSED_WITH_ERRORS,77329,651.4,too_many_candidates,756
170,PROCESSED_WITH_ERRORS,78066,617.3,too_many_candidates,714
171,PROCESSED_WITH_ERRORS,78266,649.7,too_many_candidates,731
172,PROCESSED_WITH_ERRORS,78972,740.6,too_many_candidates,831
173,PROCESSED_WITH_ERRORS,79172,932.5,too_many_candidates,1043
174,PROCESSED_WITH_ERRORS,79897,635.7,too_many_candidates,745
175,PROCESSED_WITH_ERRORS,80097,661.6,too_many_candidates,804
176,PROCESSED_WITH_ERRORS,80819,638.5,too_many_candidates,779
177,PROCESSED_WITH_ERRORS,81019,673.9,too_many_candidates,803
178,PROCESSED_WITH_ERRORS,81737,725.8,too_many_candidates,858
179,PROCESSED_WITH_ERRORS,81937,648.7,too_many_candidates,869
180,PROCESSED_WITH_ERRORS,82679,732.5,too_many_candidates,846
181,PROCESSED_WITH_ERRORS,82879,735.5,too_many_candidates,873
182,PROCESSED_WITH_ERRORS,83608,658.4,too_many_candidates,742
183,PROCESSED_WITH_ERRORS,83808,741.9,too_many_candidates,896
184,PROCESSED_WITH_ERRORS,84530,712.9,too_many_candidates,812
185,PROCESSED_WITH_ERRORS,84730,656.9,too_many_candidates,834
186,PROCESSED_WITH_ERRORS,85448,665,too_many_candidates,739
187,PROCESSED_WITH_ERRORS,85648,675.4,too_many_candidates,785
188,PROCESSED_WITH_ERRORS,86369,696.2,too_many_candidates,804
189,PROCESSED_WITH_ERRORS,86569,817.1,too_many_candidates,930
190,PROCESSED_WITH_ERRORS,87287,636.9,too_many_candidates,707
191,PROCESSED_WITH_ERRORS,87487,806.4,too_many_candidates,893
192,PROCESSED_WITH_ERRORS,88215,749.3,too_many_candidates,835
193,PROCESSED_WITH_ERRORS,88415,704.4,too_many_candidates,815
194,PROCESSED_WITH_ERRORS,89128,759.6,too_many_candidates,888
195,PROCESSED_WITH_ERRORS,89328,703.3,too_many_candidates,769
196,PROCESSED_WITH_ERRORS,90056,643.9,too_many_candidates,769
197,PROCESSED_WITH_ERRORS,90256,800.7,too_many_candidates,895
198,PROCESSED_WITH_ERRORS,90993,761.2,too_many_candidates,837
199,PROCESSED_WITH_ERRORS,91193,710.4,too_many_candidates,883
200,PROCESSED_WITH_ERRORS,91931,752.8,too_many_candidates,845
201,PROCESSED_WITH_ERRORS,92131,999.5,too_many_candidates,1081
202,PROCESSED_WITH_ERRORS,92850,728.4,too_many_candidates,826
203,PROCESSED_WITH_ERRORS,93050,665.7,too_many_candidates,884
204,PROCESSED_WITH_ERRORS,93769,661.7,too_many_candidates,767
205,PROCESSED_WITH_ERRORS,93969,739.6,too_many_candidates,837
206,PROCESSED_WITH_ERRORS,94706,692.3,too_many_candidates,843
207,PROCESSED_WITH_ERRORS,94906,715.6,too_many_candidates,802
208,PROCESSED_WITH_ERRORS,95620,681.2,too_many_candidates,763
209,PROCESSED_WITH_ERRORS,95820,958.9,too_many_candidates,1100
210,PROCESSED_WITH_ERRORS,96535,715.6,too_many_candidates,795
211,PROCESSED_WITH_ERRORS,96735,1156,too_many_candidates,1257
212,PROCESSED_WITH_ERRORS,97443,643,too_many_candidates,716
213,PROCESSED_WITH_ERRORS,97643,664.8,too_many_candidates,743
214,PROCESSED_WITH_ERRORS,98364,664.3,too_many_candidates,802
215,PROCESSED_WITH_ERRORS,98564,711.4,too_many_candidates,808
216,PROCESSED_WITH_ERRORS,99285,612.5,too_many_candidates,718
217,PROCESSED_WITH_ERRORS,99485,1187.2,too_many_candidates,1261
218,PROCESSED_WITH_ERRORS,100209,708.4,too_many_candidates,825
219,PROCESSED_WITH_ERRORS,100409,694.8,too_many_candidates,824
220,PROCESSED_WITH_ERRORS,101121,727.1,too_many_candidates,799
221,PROCESSED_WITH_ERRORS,101321,636,too_many_candidates,731
222,PROCESSED_WITH_ERRORS,102035,1142.4,too_many_candidates,1273
223,PROCESSED_WITH_ERRORS,102235,771.4,too_many_candidates,847
224,PROCESSED_WITH_ERRORS,102944,800.8,too_many_candidates,910
225,PROCESSED_WITH_ERRORS,103144,682,too_many_candidates,818
226,PROCESSED_WITH_ERRORS,103867,727.8,too_many_candidates,823
227,PROCESSED_WITH_ERRORS,104067,666,too_many_candidates,779
228,PROCESSED_WITH_ERRORS,104789,895.6,too_many_candidates,1023
229,PROCESSED_WITH_ERRORS,104989,755.6,too_many_candidates,822
230,PROCESSED_WITH_ERRORS,105714,650.9,too_many_candidates,833
231,PROCESSED_WITH_ERRORS,105914,814.9,too_many_candidates,929
232,PROCESSED_WITH_ERRORS,106643,742.6,too_many_candidates,847
233,PROCESSED_WITH_ERRORS,106843,728.2,too_many_candidates,817
234,PROCESSED_WITH_ERRORS,107560,1185.7,too_many_candidates,1507
235,PROCESSED_WITH_ERRORS,107760,779.4,too_many_candidates,945
236,PROCESSED_WITH_ERRORS,108479,678.8,too_many_candidates,754
237,PROCESSED_WITH_ERRORS,108679,745.6,too_many_candidates,909
238,PROCESSED_WITH_ERRORS,109410,734,too_many_candidates,853
239,PROCESSED_WITH_ERRORS,109610,695.7,too_many_candidates,961
240,PROCESSED_WITH_ERRORS,110345,654.5,too_many_candidates,733
241,PROCESSED_WITH_ERRORS,110545,730.9,too_many_candidates,829
242,PROCESSED_WITH_ERRORS,111284,826.8,too_many_candidates,949
243,PROCESSED_WITH_ERRORS,111484,868.2,too_many_candidates,1083
244,PROCESSED_WITH_ERRORS,112207,764.2,too_many_candidates,849
